OrderNo,CustomerCode,CustomerName,CustomerType,InvoiceDate,InvoiceNo,TransactionType,OrderStatus,ProductCode,ProductName,Uom,ItemPricePerUnit,ShippedQty,ShippedAmount,ConversionFactor,Point
1222449,24HOURS,24 HOURS KEBAB,KB,2019-06-20 00:00:00,955978,Invoice,90,BSC,BSC - CREAM SOUR LITE BULLA 5LT,TUB,27.3500,1.0000,27.35,1.0000000,40
1147190,5WDM,5WAYS- MINA AND DAVID JACKSON,NT,2018-09-11 00:00:00,892914,Invoice,90,BG375,BG375 - DRINK GUAVA BUNDABERG 12 X 375ML,CTN,19.2500,1.0000,21.18,1.0000000,20
1127820,5WSAM,5WAYS-SAMPLES STK,NT,2018-07-03 00:00:00,874883,Credit,90,FAR,FAR - **RICE ARBORIO SUPERFINO ROBO 1KG 10/CTN,PKT,7.2000,-22.0000,-158.40,1.0000000,3
1139086,ABIMPORTS,AB IMPORTS PTY LTD,,2018-08-10 00:00:00,886186,Invoice,90,SWPT,SWPT - TOMATO WHOLE PEEL MEDITERRANEI 2.55KG 6/CTN,CTN,3.0850,128.0000,2369.28,6.0000000,5
1127175,ALIMENT,SMITH ST ALIMENTARI,AE,2018-07-02 00:00:00,876556,Invoice,90,BTC,BTC - CREAM THICKENED BULLA 5LT 3/CTN,BTL,25.9000,2.0000,51.80,1.0000000,35
1126888,AMBERLEY,AMBERLEY FOOD,AV,2018-07-02 00:00:00,876426,Invoice,90,JLSP,JLSP - PINEAPPLE P/CUT L/SYRUP GEPPIN 3.35KG 6/CTN,CTN,4.0900,10.0000,245.40,6.0000000,5
1145228,AMBE-SDD,AMBERLEY FOOD,AV,2018-09-03 00:00:00,891353,Invoice,90,WMF12.5,WMF12.5 - FLOUR MAXIMUS WESTONS 12.5KG,BAG,8.6500,400.0000,3460.00,1.0000000,30
1155853,ARANCINI,ARANCINI ART,,2018-10-15 00:00:00,900791,Invoice,90,RPPM,RPPM - MUSHROOM PORCINI PIZZA ROBO 800GM 6/CTN,CTN,11.0000,10.0000,660.00,6.0000000,12
1127862,AVOPIZZA2,AVO PIZZA BEAUMARIS,NT,2018-07-04 00:00:00,877258,Invoice,90,LDF,LDF - CHEESE FETTA DANISH LEMNOS 2KG 3/CTN,TUB,21.7000,2.0000,43.40,1.0000000,12
1127494,BERWI2,BERWICK CHARCOAL CHICKEN,BQ,2018-07-03 00:00:00,876809,Invoice,90,BTBN,BTBN - NUGGET TEMPURA STEGGLES 1KG 6/CTN,BAG,11.0300,3.0000,33.09,1.0000000,15
1126890,BETT,BETTER FOOD SERVICE (AUST) P/L,3B,2018-07-02 00:00:00,876431,Invoice,90,AVF12.5,AVF12.5 - FLOUR PERFECTION ALLIED 12.5KG,BAG,11.5000,6.0000,69.00,1.0000000,35
1181624,BIGALS,BIG AL'S PIZZA & PASTA SALE,,2019-01-16 00:00:00,922033,Invoice,90,AMMOZ,AMMOZ - CHEESE MOZZ SHRED GEPPINO 2 X 6KG,CTN,106.0000,1.0000,106.00,1.0000000,100
1161452,BIGBEN,BIG BEN PIZZA BAR,NT,2018-11-01 00:00:00,904722,Invoice,90,AMMOZ,AMMOZ - CHEESE MOZZ SHRED GEPPINO 2 X 6KG,CTN,96.5000,4.0000,386.00,1.0000000,100
1127607,BIGMAMAS,BIG MAMA'S PIZZA,EX,2018-07-03 00:00:00,876879,Invoice,90,ACC1,ACC1 - CREAM COOKING CULINARY ANCHOR 1LT 12/CTN,PKT,6.1900,8.0000,49.52,1.0000000,7
1168232,BOJAKBREW,BOJAK BREWING PTY LTD,,2018-11-27 00:00:00,910771,Invoice,90,BSSCD,BSSCD - DIP SPICY CAPSICUM BLACK SWAN 2KG 3/CTN,BCKT,18.2500,2.0000,36.50,1.0000000,28
1149200,BRAD2,BRADY ROAD PIZZA,B2,2018-09-17 00:00:00,894592,Invoice,90,BTC,BTC - CREAM THICKENED BULLA 5LT 3/CTN,BTL,28.8300,3.0000,86.49,1.0000000,35
1127753,BRIG,BRIGHTON BAY PIZZA,MN,2018-07-04 00:00:00,877200,Invoice,90,BCT,BCT - TOMATO CRUSHED GEPPINO 3KG 6/CTN,CTN,4.2500,1.0000,25.50,6.0000000,5
1126892,BRUNE,BRUNETTI  CAKES,BV,2018-07-02 00:00:00,876569,Invoice,90,BTC,BTC - CREAM THICKENED BULLA 5LT 3/CTN,CTN,22.3000,7.0000,468.30,3.0000000,35
1127115,BUBCRAN,BUBBA PIZZA CRANBOURNE WEST,B3,2018-07-02 00:00:00,876510,Invoice,90,7CBLB,7CBLB - LASAGNE BOLGNESE 7 CHEFS 2.3KG 3/CTN,TRAY,15.9900,1.0000,17.59,1.0000000,24
1126939,BUBCROY4,BUBBA PIZZA - CROYDON,B3,2018-07-02 00:00:00,876673,Invoice,90,7CBLB,7CBLB - LASAGNE BOLGNESE 7 CHEFS 2.3KG 3/CTN,TRAY,15.9900,1.0000,17.59,1.0000000,24
1126940,BUBLANG3,BUBBA PIZZA - LANGWARRIN,B3,2018-07-02 00:00:00,876508,Invoice,90,7CBLB,7CBLB - LASAGNE BOLGNESE 7 CHEFS 2.3KG 3/CTN,TRAY,15.9900,1.0000,17.59,1.0000000,24
1136491,BUBLILY4,|BUBBA PIZZA, LILYDALE|,B3,2018-08-02 00:00:00,884212,Invoice,90,ACC1,ACC1 - CREAM COOKING CULINARY ANCHOR 1LT 12/CTN,PKT,8.3000,4.0000,33.20,1.0000000,7
1127116,BUBPAKE5,BUBBA PIZZA - PAKENHAM,B3,2018-07-03 00:00:00,876818,Invoice,90,7CBLB,7CBLB - LASAGNE BOLGNESE 7 CHEFS 2.3KG 3/CTN,TRAY,15.9900,1.0000,17.59,1.0000000,24
1202200,BUBTORQ2,BUBBA PIZZA TORQUAY,B3,2019-04-03 00:00:00,938920,Invoice,90,7CBLB,7CBLB - LASAGNE BOLGNESE 7 CHEFS 2.3KG 3/CTN,TRAY,15.0000,1.0000,16.50,1.0000000,24
1128185,BURPC,BURRITO BAR POINT COOK,BR,2018-07-05 00:00:00,877380,Invoice,90,BSC,BSC - CREAM SOUR LITE BULLA 5LT,TUB,26.2300,3.0000,78.69,1.0000000,40
1127060,CAESER,CAESERS ITALIAN CUISINE,CZ,2018-07-02 00:00:00,876412,Invoice,90,FPTS,FPTS - PIZZA TOPPING SHRED FABBRIS 3.0KG 3/CTN,CTN,10.8000,2.0000,64.80,3.0000000,6.66666666666667
1127254,CARDPH,CARDINIA PARK HOTEL,M,2018-07-02 00:00:00,876492,Invoice,90,BGC,BGC - CHEESE GOATS SOIGNON 1KG 2/CTN,LOAF,23.0400,1.0000,23.04,1.0000000,12
1185406,CASAPP,CASA DELLA PIZZA PASTA,,2019-01-29 00:00:00,924874,Invoice,90,LPHS,LPHS - SALAMI PEPP HOT SLICED LAGO 2.5KG 6/CTN,PKT,29.8000,1.0000,29.80,1.0000000,8
1134472,CENTHTL,CENTRAL HOTEL -  BEACONFIELD,M,2018-07-26 00:00:00,882503,Invoice,90,EDBBC,EDBBC - CHIPS BEER BATT DIAM EDGELL 6 X 2KG,CTN,44.5000,6.0000,267.00,1.0000000,60.75
1127022,CHOIMEAL,CHOICE FRESH MEALS,CM,2018-07-02 00:00:00,876640,Invoice,90,AMMOZ,AMMOZ - CHEESE MOZZ SHRED GEPPINO 2 X 6KG,CTN,96.9500,1.0000,96.95,1.0000000,100
1127216,COAST,COAST CAFE - RESTAURANT,NS,2018-07-02 00:00:00,876683,Invoice,90,BCT,BCT - TOMATO CRUSHED GEPPINO 3KG 6/CTN,TIN,5.3000,1.0000,5.30,1.0000000,5
1157706,COLLAWHTL,AUSTRALIAN VENUE CO. LIMITED,PI,2018-10-18 00:00:00,901534,Invoice,90,BSC,BSC - CREAM SOUR LITE BULLA 5LT,TUB,27.2000,2.0000,54.40,1.0000000,40
1127226,COMMAN,THE COMMON MAN BAR & RESTAURAN,M,2018-07-02 00:00:00,876599,Invoice,90,AMMOZ,AMMOZ - CHEESE MOZZ SHRED GEPPINO 2 X 6KG,CTN,99.9000,1.0000,99.90,1.0000000,100
1127225,CRANRSL,CRANBOURNE RSL,DA,2018-07-02 00:00:00,876505,Invoice,90,ACC1,ACC1 - CREAM COOKING CULINARY ANCHOR 1LT 12/CTN,CTN,6.5000,1.0000,78.00,12.0000000,7
1128211,CROWNP2,CROWN PIZZA - CRANBOURNE,CQ,2018-07-05 00:00:00,877341,Invoice,90,ACC1,ACC1 - CREAM COOKING CULINARY ANCHOR 1LT 12/CTN,PKT,7.1600,2.0000,14.32,1.0000000,7
1127178,CRYHTLKIT,CROYDON HOTEL,M,2018-07-02 00:00:00,876676,Invoice,90,BGC,BGC - CHEESE GOATS SOIGNON 1KG 2/CTN,LOAF,23.0400,1.0000,23.04,1.0000000,12
1143666,CVGAR,C.V. GARLIC PTY LTD,NT,2018-08-28 00:00:00,890073,Invoice,90,WCTS,WCTS - SAUCE TOMATO WHITE CROW 4LT 3/CTN,BTL,8.7500,23.0000,201.25,1.0000000,10
1127580,DABEL,DA BEL CIBO - HAMPTON,DE,2018-07-03 00:00:00,876983,Invoice,90,BTC,BTC - CREAM THICKENED BULLA 5LT 3/CTN,BTL,26.1400,3.0000,78.42,1.0000000,35
1172324,DABEL3,DA BELLA,,2018-12-11 00:00:00,914123,Invoice,90,DDM,DDM - CHEESE MOZZ DEVONDALE / MURRAY 2 X 10KG,CTN,140.0000,2.0000,280.00,1.0000000,120
1127227,DANDRSL,DANDENONG RSL,DA,2018-07-02 00:00:00,876501,Invoice,90,BCT,BCT - TOMATO CRUSHED GEPPINO 3KG 6/CTN,TIN,4.2000,4.0000,16.80,1.0000000,5
1203778,DOCSB,DOC SOUTH BANK,DD,2019-04-10 00:00:00,940694,Invoice,90,RPPM,RPPM - MUSHROOM PORCINI PIZZA ROBO 800GM 6/CTN,CTN,13.5000,6.0000,486.00,6.0000000,12
1127118,DUKE,AUSTRALIAN VENUE CO. LIMITED,M,2018-07-02 00:00:00,876566,Invoice,90,AMMOZ,AMMOZ - CHEESE MOZZ SHRED GEPPINO 2 X 6KG,CTN,99.9000,2.0000,199.80,1.0000000,100
1127001,DUNL,DUNLEATH,D*,2018-07-05 00:00:00,877287,Invoice,90,BCC5LT,BCC5LT - CREAM COOKING BULLA 5LT 3/CTN,CTN,20.0000,5.0000,300.00,3.0000000,35
1217414,EARTHWIND,EARTH WIND AND FLOUR,EW,2019-05-31 00:00:00,951844,Invoice,90,BCC5LT,BCC5LT - CREAM COOKING BULLA 5LT 3/CTN,BTL,25.0000,3.0000,75.00,1.0000000,35
1127271,EATALIANO,EAT' ALIANO BY PINO,L4,2018-07-02 00:00:00,876716,Invoice,90,BGC,BGC - CHEESE GOATS SOIGNON 1KG 2/CTN,LOAF,25.0900,2.0000,50.18,1.0000000,12
1216685,ELVEB,ELVERSON BAKERY,,2019-05-29 00:00:00,951268,Invoice,90,GUB,GUB - BUTTER UNSALTED W/STAR 1.5KG 8/CTN,BLK,10.5000,446.0000,4683.00,1.0000000,14.3125
1163741,EUROBITES,EURO BITES,EB,2018-11-09 00:00:00,906693,Invoice,90,ACC1,ACC1 - CREAM COOKING CULINARY ANCHOR 1LT 12/CTN,PKT,6.6000,3.0000,19.80,1.0000000,7
1204564,EUROPLUS,EUROPLUS PTY LTD,,2019-04-12 00:00:00,941202,Invoice,90,SOO,SOO - OIL OLIVE EXTRA VIRGIN LUGLIO 4LTR 4/CTN,CTN,20.5000,48.0000,3936.00,4.0000000,15
1127368,FIGO,FIGO PIZZERIA T'AWAY,L4,2018-07-03 00:00:00,876931,Invoice,90,BGC,BGC - CHEESE GOATS SOIGNON 1KG 2/CTN,LOAF,25.0900,2.0000,50.18,1.0000000,12
1127930,FONTAI,FONTAIN'S PIZZA,FN,2018-07-04 00:00:00,877155,Invoice,90,BCT,BCT - TOMATO CRUSHED GEPPINO 3KG 6/CTN,CTN,4.1000,2.0000,49.20,6.0000000,5
1127185,GOGO5,GO GO CHARCOAL CHICKEN,B7,2018-07-03 00:00:00,876955,Invoice,90,CSCT,CSCT - CHICK SWT CHILLI TENDERS C/DEE 1KG 5/CTN,PKT,13.1300,1.0000,13.13,1.0000000,18
1143343,GRANDS,GRANDSTAR RECEPTIONS,NT,2018-08-29 00:00:00,890326,Invoice,90,BCT,BCT - TOMATO CRUSHED GEPPINO 3KG 6/CTN,CTN,4.1500,56.0000,1394.40,6.0000000,5
1217348,GRUMPC,GRUMPY PAPI'S CAFE,TA,2019-05-30 00:00:00,951631,Invoice,90,BPS,BPS - SAUCE TOM PASTA BASE BUITONI 3KG 6/CTN,TIN,17.9000,2.0000,35.80,1.0000000,25
1128299,GUMMYS,GUMMY'S FISH AND CHIPS,G1,2018-07-05 00:00:00,877447,Invoice,90,CSM,CSM - CHEESE MOZZ SHRED CABOOLTURE 2 X 6KG,CTN,115.0000,1.0000,115.00,1.0000000,100
1127467,GUST,GUSTO WOODFIRE,GW,2018-07-04 00:00:00,877100,Invoice,90,BCC5LT,BCC5LT - CREAM COOKING BULLA 5LT 3/CTN,BTL,24.6500,1.0000,24.65,1.0000000,35
1127248,HAWTHTL,AUSTRALIAN VENUE CO. LIMITED,M,2018-07-02 00:00:00,876611,Invoice,90,ACC1,ACC1 - CREAM COOKING CULINARY ANCHOR 1LT 12/CTN,PKT,6.7400,1.0000,6.74,1.0000000,7
1127747,HOLE3,HOLE IN ONE PIZZA & PASTA,HL,2018-07-03 00:00:00,875969,Credit,90,FSP2,FSP2 - PROSCIUTTO SLICED FABBRIS 500GM,PKT,16.2500,-1.0000,-16.25,1.0000000,15
1128091,ILAMAWIND,IL AMALFI WINDSOR,AL,2018-07-05 00:00:00,877480,Invoice,90,ACC1,ACC1 - CREAM COOKING CULINARY ANCHOR 1LT 12/CTN,PKT,6.0000,8.0000,48.00,1.0000000,7
1127423,ILFO,IL FORNO,IL,2018-07-03 00:00:00,876991,Invoice,90,AVF12.5,AVF12.5 - FLOUR PERFECTION ALLIED 12.5KG,BAG,16.6500,2.0000,33.30,1.0000000,35
1127105,IMPHTL,AUSTRALIAN VENUE CO. LIMITED,M,2018-07-02 00:00:00,876558,Invoice,90,AMMOZ,AMMOZ - CHEESE MOZZ SHRED GEPPINO 2 X 6KG,CTN,99.9000,5.0000,499.50,1.0000000,100
1127260,IMPHTLSY,AUSTRALIAN VENUE CO. LIMITED,M,2018-07-02 00:00:00,876703,Invoice,90,AMMOZ,AMMOZ - CHEESE MOZZ SHRED GEPPINO 2 X 6KG,CTN,99.9000,1.0000,99.90,1.0000000,100
1128236,INLET,INLET FISH N' CHIPS,JW,2018-07-05 00:00:00,877456,Invoice,90,AMMOZ,AMMOZ - CHEESE MOZZ SHRED GEPPINO 2 X 6KG,CTN,95.8000,4.0000,383.20,1.0000000,100
1127103,INTE,INTERSTATE FOOD SUPPLY,A0,2018-07-02 00:00:00,876425,Invoice,90,BTC,BTC - CREAM THICKENED BULLA 5LT 3/CTN,CTN,22.8200,5.0000,342.30,3.0000000,35
1145627,INTE-SDD,INTERSTATE FOOD SUPPLY,A0,2018-10-01 00:00:00,897709,Invoice,90,WMF12.5,WMF12.5 - FLOUR MAXIMUS WESTONS 12.5KG,BAG,8.0000,800.0000,6400.00,1.0000000,30
1127211,ISOL,ISOLA DI CAPRI PIZZA,IS,2018-07-02 00:00:00,876477,Invoice,90,BGB,BGB - DRINK GINGER BEER BUNDABERG 24 X 375ML,CTN,41.5000,2.0000,91.30,1.0000000,20
1127594,JESSHALL4,JESSIES PIZZA HALLAM,JT,2018-07-03 00:00:00,876772,Invoice,90,ACC1,ACC1 - CREAM COOKING CULINARY ANCHOR 1LT 12/CTN,PKT,6.5000,8.0000,52.00,1.0000000,7
1128198,JESSO4,JESSIES PIZZA - OAKLEIGH,J1,2018-07-05 00:00:00,877532,Invoice,90,ACC1,ACC1 - CREAM COOKING CULINARY ANCHOR 1LT 12/CTN,CTN,7.7000,1.0000,92.40,12.0000000,7
1127357,JESSP3,JESSIES PIZZA - PAKENHAM WEST,JE,2018-07-02 00:00:00,876736,Invoice,90,DDM,DDM - CHEESE MOZZ DEVONDALE / MURRAY 2 X 10KG,CTN,132.0000,1.0000,132.00,1.0000000,120
1127345,JESSPC,JESSIES PIZZA POINT COOK,J5,2018-07-05 00:00:00,877377,Invoice,90,DDM,DDM - CHEESE MOZZ DEVONDALE / MURRAY 2 X 10KG,CTN,128.0000,8.0000,1024.00,1.0000000,120
1128416,JNR2,JNR'S PIZZA,HU,2018-07-06 00:00:00,877632,Invoice,90,DDM,DDM - CHEESE MOZZ DEVONDALE / MURRAY 2 X 10KG,CTN,130.0000,1.0000,130.00,1.0000000,120
1128685,JOE,JOE'S OF MENTONE,JO,2018-07-06 00:00:00,877630,Invoice,90,ASF12.5,ASF12.5 - SEMOLINA ALLIED MILLS 12.5KG,BAG,24.7500,3.0000,74.25,1.0000000,35
1128235,KATIALO,KATIALO,KT,2018-07-05 00:00:00,877533,Invoice,90,BSSCD,BSSCD - DIP SPICY CAPSICUM BLACK SWAN 2KG 3/CTN,BCKT,17.5100,4.0000,70.04,1.0000000,28
1128246,LACUC,LA CUCINA ITALIAN EATERY,L8,2018-07-05 00:00:00,877507,Invoice,90,BGC,BGC - CHEESE GOATS SOIGNON 1KG 2/CTN,LOAF,22.9900,1.0000,22.99,1.0000000,12
1127971,LALURO,LA LUPA ROMANA,L9,2018-07-04 00:00:00,877135,Invoice,90,CSM,CSM - CHEESE MOZZ SHRED CABOOLTURE 2 X 6KG,CTN,122.4000,1.0000,122.40,1.0000000,100
1222007,LIPAREX2,LIPARI TECOMA,TR,2019-06-17 00:00:00,955565,Invoice,90,DDM,DDM - CHEESE MOZZ DEVONDALE / MURRAY 2 X 10KG,CTN,130.0000,2.0000,260.00,1.0000000,120
1127409,LOCAL,AUSTRALIAN VENUE CO. LIMITED,M,2018-07-04 00:00:00,877204,Invoice,90,BSC,BSC - CREAM SOUR LITE BULLA 5LT,TUB,26.2100,1.0000,26.21,1.0000000,40
1134288,MAHIR,MAHARANI INDIAN RESTAURANT,MJ,2018-07-26 00:00:00,882597,Invoice,90,BCT,BCT - TOMATO CRUSHED GEPPINO 3KG 6/CTN,CTN,4.4500,8.0000,213.60,6.0000000,5
1127544,MARG2,MARGHERITA PIZZA PASTA,MG,2018-07-03 00:00:00,876766,Invoice,90,ACC1,ACC1 - CREAM COOKING CULINARY ANCHOR 1LT 12/CTN,CTN,6.7200,1.0000,80.64,12.0000000,7
1128160,MARIO3,MARIO'S PIZZA & PASTA,MS,2018-07-05 00:00:00,877541,Invoice,90,BTC,BTC - CREAM THICKENED BULLA 5LT 3/CTN,CTN,23.9500,2.0000,143.70,3.0000000,35
1127788,MARKKIR,MARK KIRCHNER FOOD SER PTY LTD,K-,2018-07-04 00:00:00,877061,Invoice,90,AMMOZ,AMMOZ - CHEESE MOZZ SHRED GEPPINO 2 X 6KG,CTN,92.0000,8.0000,736.00,1.0000000,100
1127758,MASEYPAKE,MASEY'S PIZZA & PASTA PAKENHAM,MA,2018-07-03 00:00:00,876172,Credit,90,SFSC,SFSC - SALAMI COTTO FINE SHRED STAR 2.5KG 8/CTN,PKT,8.6000,-1.0000,-8.60,1.0000000,3
1149938,MECHA-SDD,MECHAALANI & SONS PTY LTD,M7,2018-09-21 00:00:00,895965,Invoice,90,WMF12.5,WMF12.5 - FLOUR MAXIMUS WESTONS 12.5KG,BAG,7.6000,480.0000,3648.00,1.0000000,30
1133491,MELFS,MELBOURNE FOOD SERVICE,NT,2018-07-25 00:00:00,882046,Invoice,90,CDWD,CDWD - CHICKEN WINGS DEVIL INGHAM 1KG 5/CTN,CTN,9.8000,72.0000,3528.00,5.0000000,15
1127552,MICHE,MICHELIS,MH,2018-07-03 00:00:00,876919,Invoice,90,AMMOZ,AMMOZ - CHEESE MOZZ SHRED GEPPINO 2 X 6KG,CTN,93.6000,1.0000,93.60,1.0000000,100
1127318,MJCENT,MJC ENTERPRISE,NT,2018-07-03 00:00:00,877011,Invoice,90,WCTS,WCTS - SAUCE TOMATO WHITE CROW 4LT 3/CTN,CTN,6.0000,108.0000,1944.00,3.0000000,10
1128378,MOLLI,DAVID MOLLICA,DM,2018-07-09 00:00:00,878253,Invoice,90,DDM,DDM - CHEESE MOZZ DEVONDALE / MURRAY 2 X 10KG,CTN,140.0000,1.0000,140.00,1.0000000,120
1127825,MORDSC,THE MORDIALLOC SUPPER CLUB,TH,2018-07-04 00:00:00,877252,Invoice,90,BSHD,BSHD - DIP HOMMUS BLACK SWAN 2KG 3/CTN,BCKT,20.3500,1.0000,20.35,1.0000000,28
1127489,MORNPIZ,MORNINGTON PIZZA HOUSE,V1,2018-07-03 00:00:00,876960,Invoice,90,BCT,BCT - TOMATO CRUSHED GEPPINO 3KG 6/CTN,CTN,4.0000,1.0000,24.00,6.0000000,5
1127503,MTWAVER3,MT WAVERLEY CHARCOAL CHICKEN,MW,2018-07-03 00:00:00,876829,Invoice,90,CSCT,CSCT - CHICK SWT CHILLI TENDERS C/DEE 1KG 5/CTN,CTN,12.9500,2.0000,129.50,5.0000000,18
1128154,MULG5,MULGRAVE PIZZA HOUSE,4M,2018-07-05 00:00:00,877425,Invoice,90,BCT,BCT - TOMATO CRUSHED GEPPINO 3KG 6/CTN,CTN,3.9000,1.0000,23.40,6.0000000,5
1128239,MULINO,MULINO WOODFIRE PIZZERIA,AA,2018-07-06 00:00:00,877841,Invoice,90,BBVLH,BBVLH - G/F HAM LEG VIRGINIA BLUE BERT KG (AVG 3.5KG) 4/CTN,KG,7.8000,7.5400,58.81,1.0000000,10
1165663,MUMG,MUMMA G'S PIZZA & PASTA,NT,2018-11-16 00:00:00,908182,Invoice,90,7CBLB,7CBLB - LASAGNE BOLGNESE 7 CHEFS 2.3KG 3/CTN,CTN,14.0000,1.0000,46.20,3.0000000,24
1127027,NANBO,NANDOS BOURKE ST,ND,2018-07-02 00:00:00,876559,Invoice,90,BG375,BG375 - DRINK GUAVA BUNDABERG 12 X 375ML,CTN,14.2700,1.0000,14.27,1.0000000,20
1126943,NANBOUR3,NANDOS AUSTRALIA (STORE OPER),ND,2018-07-02 00:00:00,876561,Invoice,90,BGB,BGB - DRINK GINGER BEER BUNDABERG 24 X 375ML,CTN,28.3600,1.0000,28.36,1.0000000,20
1127010,NANBRAE2,NANDOS AUSTRALIA (STORE OPER),ND,2018-07-02 00:00:00,876614,Invoice,90,BG375,BG375 - DRINK GUAVA BUNDABERG 12 X 375ML,CTN,14.2700,1.0000,14.27,1.0000000,20
1126982,NANBRAND,NANDOS UNIVERSITY HILL,ND,2018-07-02 00:00:00,876524,Invoice,90,BGB,BGB - DRINK GINGER BEER BUNDABERG 24 X 375ML,CTN,28.3600,1.0000,28.36,1.0000000,20
1126625,NANBRUN4,NANDO'S EAST BRUNSWICK,ND,2018-07-02 00:00:00,876547,Invoice,90,BGB,BGB - DRINK GINGER BEER BUNDABERG 24 X 375ML,CTN,28.3600,1.0000,28.36,1.0000000,20
1127452,NANBUR2,NANDOS AUSTRALIA (STORE OPER),ND,2018-07-03 00:00:00,876923,Invoice,90,BGB,BGB - DRINK GINGER BEER BUNDABERG 24 X 375ML,CTN,28.3600,1.0000,28.36,1.0000000,20
1127490,NANCARN5,NANDOS CARNEGIE,ND,2018-07-03 00:00:00,876875,Invoice,90,BG375,BG375 - DRINK GUAVA BUNDABERG 12 X 375ML,CTN,14.2700,1.0000,14.27,1.0000000,20
1127451,NANCARR2,NANDOS AUSTRALIA (STORE OPER),ND,2018-07-03 00:00:00,876857,Invoice,90,BP375,BP375 - DRINK PASSIONFRUIT BUNDABERG 12 X 375ML,CTN,14.2700,1.0000,14.27,1.0000000,20
1127051,NANCLAY2,NANDOS AUSTRALIA (STORE OPER),ND,2018-07-02 00:00:00,876643,Invoice,90,BLLB375,BLLB375 - DRINK LEMON LIME BITTERS BUNDA 12 X 375ML,CTN,14.2700,1.0000,14.27,1.0000000,20
1126899,NANDANPL2,NANDOS AUSTRALIA (STORE OPER),ND,2018-07-02 00:00:00,876502,Invoice,90,BG375,BG375 - DRINK GUAVA BUNDABERG 12 X 375ML,CTN,14.2700,1.0000,14.27,1.0000000,20
1127463,NANDONC,NANDOS DONCASTER,ND,2018-07-03 00:00:00,876917,Invoice,90,LDF,LDF - CHEESE FETTA DANISH LEMNOS 2KG 3/CTN,TUB,20.5000,1.0000,20.50,1.0000000,12
1127046,NANELIZNTH,NANDO'S ELIZABETH - NORTH,ND,2018-07-02 00:00:00,876606,Invoice,90,BG375,BG375 - DRINK GUAVA BUNDABERG 12 X 375ML,CTN,14.2700,1.0000,14.27,1.0000000,20
1126132,NANEPPL,NANDOS AUSTRALIA (STORE OPER),ND,2018-07-02 00:00:00,876521,Invoice,90,BP375,BP375 - DRINK PASSIONFRUIT BUNDABERG 12 X 375ML,CTN,14.2700,1.0000,14.27,1.0000000,20
1126424,NANFOOT3,NANDOS AUSTRALIA (STORE OPER),ND,2018-07-02 00:00:00,876589,Invoice,90,BG375,BG375 - DRINK GUAVA BUNDABERG 12 X 375ML,CTN,14.2700,1.0000,14.27,1.0000000,20
1126930,NANFOUNT2,NANDOS FOUNTAIN GATE,ND,2018-07-02 00:00:00,876472,Invoice,90,BG375,BG375 - DRINK GUAVA BUNDABERG 12 X 375ML,CTN,14.2700,1.0000,14.27,1.0000000,20
1126920,NANHEID2,NANDOS HEIDELBERG,ND,2018-07-02 00:00:00,876551,Invoice,90,BGB,BGB - DRINK GINGER BEER BUNDABERG 24 X 375ML,CTN,28.3600,1.0000,28.36,1.0000000,20
1127093,NANHIGH2,NANDOS HIGHPOINT,ND,2018-07-02 00:00:00,876587,Invoice,90,BG375,BG375 - DRINK GUAVA BUNDABERG 12 X 375ML,CTN,14.2700,1.0000,14.27,1.0000000,20
1127087,NANHP,NANDOS HIGHPOINT 2,ND,2018-07-02 00:00:00,876588,Invoice,90,BG375,BG375 - DRINK GUAVA BUNDABERG 12 X 375ML,CTN,14.2700,1.0000,14.27,1.0000000,20
1127284,NANLILY2,NANDOS LILYDALE,ND,2018-07-03 00:00:00,876905,Invoice,90,BGB,BGB - DRINK GINGER BEER BUNDABERG 24 X 375ML,CTN,28.3600,1.0000,28.36,1.0000000,20
1127066,NANLYN2,NANDOS AUSTRALIA (STORE OPER),ND,2018-07-02 00:00:00,876511,Invoice,90,BGB,BGB - DRINK GINGER BEER BUNDABERG 24 X 375ML,CTN,28.3600,1.0000,28.36,1.0000000,20
1127871,NANMORN2,NANDOS - MORNINGTON,ND,2018-07-04 00:00:00,877176,Invoice,90,BLLB375,BLLB375 - DRINK LEMON LIME BITTERS BUNDA 12 X 375ML,CTN,14.2700,2.0000,28.54,1.0000000,20
1127008,NANPOINT3,NANDOS AUSTRALIA (STORE OPER),ND,2018-07-02 00:00:00,876687,Invoice,90,BG375,BG375 - DRINK GUAVA BUNDABERG 12 X 375ML,CTN,14.2700,1.0000,14.27,1.0000000,20
1126861,NANWESTAIR,NANDOS  WESTFIELD AIRPORT WEST,ND,2018-07-02 00:00:00,876585,Invoice,90,BG375,BG375 - DRINK GUAVA BUNDABERG 12 X 375ML,CTN,14.2700,1.0000,14.27,1.0000000,20
1127511,NANWILL5,NANDOS WILLIAMSTOWN,ND,2018-07-03 00:00:00,876940,Invoice,90,BG375,BG375 - DRINK GUAVA BUNDABERG 12 X 375ML,CTN,14.2700,1.0000,14.27,1.0000000,20
1130952,NAPOLI,NAPOLI FOOD & WINES,NF,2018-07-13 00:00:00,879614,Invoice,90,CSM,CSM - CHEESE MOZZ SHRED CABOOLTURE 2 X 6KG,CTN,106.7000,96.0000,10243.20,1.0000000,100
1155040,NAPOLI-SDD,NAPOLI FOOD & WINES,NF,2018-10-29 00:00:00,904050,Invoice,90,CSM,CSM - CHEESE MOZZ SHRED CABOOLTURE 2 X 6KG,CTN,106.7000,96.0000,10243.20,1.0000000,100
1127152,NEWMRKKIT,AUSTRALIAN VENUE CO. LIMITED,M,2018-07-02 00:00:00,876536,Invoice,90,BTC,BTC - CREAM THICKENED BULLA 5LT 3/CTN,BTL,26.5000,1.0000,26.50,1.0000000,35
1142665,NO1FOOD,REGION MANOR PTY LTD,M7,2018-08-23 00:00:00,889063,Invoice,90,MYC500,MYC500 - G/F YEAST INSTANT DRIED MAURIP 500GM 20/CTN,CTN,1.6900,96.0000,3244.80,20.0000000,8
1130131,NUMLEELONG,NUM LEE LONG,,2018-07-18 00:00:00,880428,Invoice,90,WCTS,WCTS - SAUCE TOMATO WHITE CROW 4LT 3/CTN,CTN,6.0000,54.0000,972.00,3.0000000,10
1167034,NYP2,NYOJO'S PIZZA,N4,2018-11-22 00:00:00,909604,Invoice,90,BSGD,BSGD - DIP GUACAMOLE BLACK SWAN 2KG 3/CTN,BCKT,24.1000,1.0000,24.10,1.0000000,28
1127335,PIERVIEW,PIER VIEW PIZZA & BAR,HE,2018-07-02 00:00:00,875946,Credit,90,FPTS,FPTS - PIZZA TOPPING SHRED FABBRIS 3.0KG 3/CTN,PKT,10.9400,-3.0000,-32.82,1.0000000,6.66666666666667
1127430,PINKBAL2,PINKY'S PIZZA BALLARAT,PY,2018-07-05 00:00:00,877336,Invoice,90,AMMOZ,AMMOZ - CHEESE MOZZ SHRED GEPPINO 2 X 6KG,CTN,95.0000,6.0000,570.00,1.0000000,100
1127834,PINKC,PINKYS PIZZA -RIBS ON THE RUN,3P,2018-07-04 00:00:00,877093,Invoice,90,ADPF12.5,ADPF12.5 - FLOUR PIZZA ALLIED 12.5KG,BAG,14.4000,25.0000,360.00,1.0000000,35
1133549,PINKWAR,PINKYS PIZZA WARRNANBOOL,PY,2018-07-25 00:00:00,882071,Invoice,90,ECMCS,ECMCS - MOUSSE CHOCOLATE CARAMEL SAUCE 24 X 95GM,CTN,35.4000,3.0000,106.20,1.0000000,48
1127810,PIZ10612,1061 PIZZA,P7,2018-07-04 00:00:00,877270,Invoice,90,AVF12.5,AVF12.5 - FLOUR PERFECTION ALLIED 12.5KG,BAG,14.6000,2.0000,29.20,1.0000000,35
1128651,PIZBOX,PIZZA BOX 66  PTY LTD,JM,2018-07-06 00:00:00,877773,Invoice,90,CDFF,CDFF - CHICKEN MEAT DICED CHICKADEE 1KG 6/CTN,PKT,13.2500,3.0000,39.75,1.0000000,15
1127072,PIZFOZCRA3,PIZZAFELLAS HEADOFFICE,LM,2018-07-02 00:00:00,876491,Invoice,90,ACC1,ACC1 - CREAM COOKING CULINARY ANCHOR 1LT 12/CTN,CTN,6.5000,1.0000,78.00,12.0000000,7
1127086,PIZFTAY4,PIZZAFELLAS HEADOFFICE,LM,2018-07-02 00:00:00,876515,Invoice,90,ACC1,ACC1 - CREAM COOKING CULINARY ANCHOR 1LT 12/CTN,CTN,6.5000,1.0000,78.00,12.0000000,7
1127245,PIZIND1,GOSWAMI PTY LTD,P6,2018-07-02 00:00:00,876686,Invoice,90,ASF12.5,ASF12.5 - SEMOLINA ALLIED MILLS 12.5KG,BAG,26.1000,1.0000,26.10,1.0000000,35
1128538,PIZST,PIZZA STACK,P^,2018-07-06 00:00:00,877760,Invoice,90,ADPF12.5,ADPF12.5 - FLOUR PIZZA ALLIED 12.5KG,BAG,15.7500,6.0000,94.50,1.0000000,35
1151583,PIZZERIA2,PIZZERIA EXPRESS,PO,2018-09-25 00:00:00,896539,Invoice,90,AMMOZ,AMMOZ - CHEESE MOZZ SHRED GEPPINO 2 X 6KG,CTN,93.6000,1.0000,93.60,1.0000000,100
1127397,PIZZMICH,PIZZAILO MICHELUCCIO,P:,2018-07-04 00:00:00,877269,Invoice,90,BPPCCV,BPPCCV - **PRAWN C&P 16/20 VAN T/ON BL 1KG 10/CTN,PKT,31.1300,2.0000,62.26,1.0000000,12
1127223,PLUS5,PLUS 5 BAR,M,2018-07-02 00:00:00,876601,Invoice,90,ASF12.5,ASF12.5 - SEMOLINA ALLIED MILLS 12.5KG,BAG,24.5000,1.0000,24.50,1.0000000,35
1135983,PRETZSTHL,PRETZEL WORLD SOUTHLAND,PG,2018-08-03 00:00:00,884437,Invoice,90,LPMS,LPMS - SALAMI PEPP MILD SLICED LAGO 2.5KG 6/CTN,PKT,24.6700,5.0000,123.35,1.0000000,8
1127911,PRIPR,PRIME PIZZA RINGWOOD EAST,AP,2018-07-04 00:00:00,877154,Invoice,90,BPCG,BPCG - G/F GELATO CHOCOLATE PREM BO 6 X 500ML,CTN,22.0000,1.0000,24.20,1.0000000,18
1128331,PROFPIZ,PROFESSOR'S PIZZA,PK,2018-07-06 00:00:00,877853,Invoice,90,7CBL500,7CBL500 - **LASAGNE BOLOGN PASTA 7CHEFS 8 X 500GM,CTN,38.7500,1.0000,42.63,1.0000000,72
1127504,PROMAR,PROMAR FOODS,P`,2018-07-04 00:00:00,877038,Invoice,90,DDM,DDM - CHEESE MOZZ DEVONDALE / MURRAY 2 X 10KG,CTN,120.0000,5.0000,600.00,1.0000000,120
1127153,PROVHTL,AUSTRALIAN VENUE CO. LIMITED,M,2018-07-02 00:00:00,876570,Invoice,90,AMMOZ,AMMOZ - CHEESE MOZZ SHRED GEPPINO 2 X 6KG,CTN,99.9000,1.0000,99.90,1.0000000,100
1126946,QFFS1,MOCO FOOD SERVICE - NANDO'S,FD,2018-07-04 00:00:00,877310,Invoice,90,PACT1,PACT1 - TOMATO CRUSH POUCH MEDITERRANE 10KG,CTN,13.7700,100.0000,1377.00,1.0000000,30
1128163,RAGA2,RAGAZZI RESTAURANT,R2,2018-07-05 00:00:00,877505,Invoice,90,ASF12.5,ASF12.5 - SEMOLINA ALLIED MILLS 12.5KG,BAG,23.7500,1.0000,23.75,1.0000000,35
1128263,RIZPI,RIZZOS PIZZA & PASTA,RI,2018-07-05 00:00:00,877337,Invoice,90,BTC,BTC - CREAM THICKENED BULLA 5LT 3/CTN,BTL,23.8000,1.0000,23.80,1.0000000,35
1155730,ROYALDH,ROYAL DERBY HOTEL,M,2018-10-12 00:00:00,900332,Invoice,90,BSC,BSC - CREAM SOUR LITE BULLA 5LT,TUB,27.2000,1.0000,27.20,1.0000000,40
1145177,SCOOZI,SCOOZI,Z9,2018-09-04 00:00:00,891532,Invoice,90,BBSDP,BBSDP - **PROSCIUTTO SAN DANIELE BARET KG (AVG 7.5KG),KG,28.7500,7.8200,224.83,1.0000000,60
1129995,SETCRA,THE SETTLEMENT AT CRANBOURNE,SR,2018-07-12 00:00:00,879070,Invoice,90,ACC1,ACC1 - CREAM COOKING CULINARY ANCHOR 1LT 12/CTN,PKT,6.7400,12.0000,80.88,1.0000000,7
1161558,SHAWPC4,SHOWCROSS PIZZA JOINT,SA,2018-11-01 00:00:00,904850,Invoice,90,AVF12.5,AVF12.5 - FLOUR PERFECTION ALLIED 12.5KG,BAG,13.2000,22.0000,290.40,1.0000000,35
1127596,SLICEOFITA,SLICE OF ITALY PIZZERIA,S/,2018-07-03 00:00:00,876903,Invoice,90,7CBL500,7CBL500 - **LASAGNE BOLOGN PASTA 7CHEFS 8 X 500GM,CTN,39.3000,1.0000,43.23,1.0000000,72
1128088,SOFIACAMB,SOFIA PIZZA HOUSE -CAMBERWELL,SO,2018-07-05 00:00:00,877407,Invoice,90,RPS4.1,RPS4.1 - SAUCE TOMATO PIZZA ROBO 4.1KG 3/CTN,CTN,4.0000,21.0000,252.00,3.0000000,10
1127706,SON,SON OF A PIZZAIOLO,S-,2018-07-04 00:00:00,877068,Invoice,90,BTC,BTC - CREAM THICKENED BULLA 5LT 3/CTN,BTL,28.1000,5.0000,140.50,1.0000000,35
1203746,SOPRA3,SOPRANOS ON MAIN,SI,2019-04-08 00:00:00,940133,Invoice,90,BCT,BCT - TOMATO CRUSHED GEPPINO 3KG 6/CTN,CTN,4.5000,3.0000,81.00,6.0000000,5
1128253,SORRE,SORRENTO TRATTORIA PIZZA /PAST,M2,2018-07-05 00:00:00,877473,Invoice,90,ADPF12.5,ADPF12.5 - FLOUR PIZZA ALLIED 12.5KG,BAG,13.8000,10.0000,138.00,1.0000000,35
1127295,SOSTA,SOSTA CUCINA,SJ,2018-07-03 00:00:00,876898,Invoice,90,BTC,BTC - CREAM THICKENED BULLA 5LT 3/CTN,BTL,25.5100,1.0000,25.51,1.0000000,35
1137108,SPADA,SPADA,SG,2018-08-03 00:00:00,884634,Invoice,90,GDM,GDM - GLOVE DISP VINYL CLR PDR MED 100's 10/CTN,PKT,3.5000,10.0000,38.50,1.0000000,3
1148936,STATELV,SHOWTIME EVENTS CENTRE,M,2018-09-17 00:00:00,894434,Invoice,90,BSHD,BSHD - DIP HOMMUS BLACK SWAN 2KG 3/CTN,BCKT,16.3100,1.0000,16.31,1.0000000,28
1127249,STEEPLES,STEEPLES MORNINGTON,M,2018-07-02 00:00:00,876591,Invoice,90,ACC1,ACC1 - CREAM COOKING CULINARY ANCHOR 1LT 12/CTN,PKT,6.7400,5.0000,33.70,1.0000000,7
1130716,STGE1,ST GEORGE SMALLGOODS - NANDO'S,FD,2018-07-18 00:00:00,880565,Invoice,90,PACT1,PACT1 - TOMATO CRUSH POUCH MEDITERRANE 10KG,CTN,13.7700,100.0000,1377.00,1.0000000,30
1126987,STHNKINGCP,KINGSTON MONASH HEALTH *CPU*,HP,2018-07-02 00:00:00,876652,Invoice,90,MSRRP,MSRRP - PEPPERS ROASTED RED SLICED MED 4.2KG 3/CTN,TIN,14.5000,15.0000,217.50,1.0000000,10
1127137,STNHTLKIT,AUSTRALIAN VENUE CO. LIMITED,M,2018-07-02 00:00:00,876590,Invoice,90,BTC,BTC - CREAM THICKENED BULLA 5LT 3/CTN,BTL,26.5000,9.0000,238.50,1.0000000,35
1127864,STRATFORD,STRATFORD BAKEHOUSE,S#,2018-07-04 00:00:00,877077,Invoice,90,BTC,BTC - CREAM THICKENED BULLA 5LT 3/CTN,CTN,23.3700,3.0000,210.33,3.0000000,35
1126703,STVINCE,ST. VINCENT'S HOSPITAL(MELB),HP,2018-07-02 00:00:00,876553,Invoice,90,GVCPFL,GVCPFL - GLOVE VINYL LGE CLEAR P/FREE H 100's 10/CTN,PKT,3.7500,10.0000,41.25,1.0000000,3
1127414,SUGO,SUGO 6,BP,2018-07-03 00:00:00,876878,Invoice,90,BTC,BTC - CREAM THICKENED BULLA 5LT 3/CTN,CTN,25.2100,2.0000,151.26,3.0000000,35
1127198,SUGOGO,SUGO GOURMET PIZZA BAR,S[,2018-07-02 00:00:00,876576,Invoice,90,BGC,BGC - CHEESE GOATS SOIGNON 1KG 2/CTN,LOAF,23.8300,2.0000,47.66,1.0000000,12
1170403,TECOMA2,TECOMA CHARCOAL CHICKEN,TL,2018-12-04 00:00:00,912161,Invoice,90,BFHWN,BFHWN - CHICK WING NIBBLES F/HOT STE 1KG 6/CTN,PKT,12.2500,2.0000,24.50,1.0000000,15
1127126,TEMPLEKIT,TEMPLESTOWE HOTEL,M,2018-07-02 00:00:00,876542,Invoice,90,AMMOZ,AMMOZ - CHEESE MOZZ SHRED GEPPINO 2 X 6KG,CTN,99.9000,2.0000,199.80,1.0000000,100
1127979,TERRARKIT2,AUSTRALIAN VENUE CO. LIMITED,M,2018-07-04 00:00:00,877268,Invoice,90,BCC5LT,BCC5LT - CREAM COOKING BULLA 5LT 3/CTN,CTN,22.2300,3.0000,200.07,3.0000000,35
1173122,TERRYW,TERRY WOK AND PIZZA,NT,2018-12-11 00:00:00,914377,Invoice,90,CDHSSH,CDHSSH - HAM SHAVED HARDWOOD SMOKED 1KG 4/CTN,PKT,19.4000,1.0000,19.40,1.0000000,12
1167141,THECOV2,THE COVE HOTEL,M,2018-11-22 00:00:00,909692,Invoice,90,AJP,AJP - JALAPENO POPPER CRUMBED 1KG 5/CTN,INN,18.5000,1.0000,18.50,1.0000000,40
1143733,THEGOL,THE GOLDEN HEN,NT,2018-08-29 00:00:00,890287,Invoice,90,BTC,BTC - CREAM THICKENED BULLA 5LT 3/CTN,CTN,28.1000,1.0000,84.30,3.0000000,35
1130527,THEIOTHEO,THEIO THEO REASTAURANT,TT,2018-07-13 00:00:00,879348,Invoice,90,GPF12.5,GPF12.5 - FLOUR BAKERS PREMIUM GEPPINO 12.5KG,BAG,12.8000,10.0000,128.00,1.0000000,35
1127395,THEMOOR,THE MOOR'S HEAD,M?,2018-07-04 00:00:00,877069,Invoice,90,BCT,BCT - TOMATO CRUSHED GEPPINO 3KG 6/CTN,CTN,3.9000,3.0000,70.20,6.0000000,5
1131586,THESMITH,AUSTRALIAN VENUE CO. LIMITED,PI,2018-07-17 00:00:00,880144,Invoice,90,GUB,GUB - BUTTER UNSALTED W/STAR 1.5KG 8/CTN,BLK,18.1500,10.0000,181.50,1.0000000,14.3125
1127881,TIGER,G'DAY TIGER,IS,2018-07-04 00:00:00,877118,Invoice,90,CBSC,CBSC - CHEESE MOZZ SCAMORZA BIANCA CU 1KG 16/CTN,LOG,13.7500,2.0000,27.50,1.0000000,20
1190004,TUBBSYS,TUBBSYS WOOD FIRED PIZZA,TB,2019-02-15 00:00:00,928932,Invoice,90,AMMOZ,AMMOZ - CHEESE MOZZ SHRED GEPPINO 2 X 6KG,CTN,99.0000,1.0000,99.00,1.0000000,100
1127250,VINHTLKIT,AUSTRALIAN VENUE CO. LIMITED,M,2018-07-02 00:00:00,876535,Invoice,90,AMMOZ,AMMOZ - CHEESE MOZZ SHRED GEPPINO 2 X 6KG,CTN,99.9000,1.0000,99.90,1.0000000,100
1127577,VPBM,VINNIES PIZZA BOYS - MT ELIZA,V1,2018-07-03 00:00:00,876961,Invoice,90,ACC1,ACC1 - CREAM COOKING CULINARY ANCHOR 1LT 12/CTN,CTN,7.6300,2.0000,183.12,12.0000000,7
1209272,WALLPIZZA,WALL STREET PIZZA CO,WA,2019-05-01 00:00:00,945019,Invoice,90,ASF12.5,ASF12.5 - SEMOLINA ALLIED MILLS 12.5KG,BAG,26.8500,1.0000,26.85,1.0000000,35
1127474,WISH2,WISHBONES CHARCOAL CHICKEN,WI,2018-07-03 00:00:00,876984,Invoice,90,CDWD,CDWD - CHICKEN WINGS DEVIL INGHAM 1KG 5/CTN,CTN,11.5000,1.0000,57.50,5.0000000,15
1215793,WOODSTCKC2,WOODSTOCK PIZZA HEAD OFFICE,WS,2019-05-24 00:00:00,950133,Invoice,90,ATPCCM,ATPCCM - CRAB CLAW MEAT PHILLIPS A&T 227GM 6/CTN,CTN,11.9700,1.0000,71.82,6.0000000,10
1215640,WOODSTCKE2,WOODSTOCK PIZZA HEAD OFFICE,WS,2019-05-24 00:00:00,950212,Invoice,90,ATPCCM,ATPCCM - CRAB CLAW MEAT PHILLIPS A&T 227GM 6/CTN,CTN,11.9700,1.0000,71.82,6.0000000,10
1127148,XPRESSCO,XPRESS GOURMET PIZZA - COWES,EX,2018-07-02 00:00:00,876485,Invoice,90,ACC1,ACC1 - CREAM COOKING CULINARY ANCHOR 1LT 12/CTN,CTN,6.1900,1.0000,74.28,12.0000000,7
1145660,XPRESSRY,|XPRESS GOURMET PIZZA, RYE|,EX,2018-09-05 00:00:00,891720,Invoice,90,ACC1,ACC1 - CREAM COOKING CULINARY ANCHOR 1LT 12/CTN,CTN,6.1900,1.0000,74.28,12.0000000,7
1127096,YBS,YBS FOOD SERVICES PTY LTD,UL,2018-07-02 00:00:00,876432,Invoice,90,AEYCC,AEYCC - G/F CREAM COOKING EX YIELD ANC 12 X 1LT,CTN,74.0588,1.0000,74.06,1.0000000,84
1127129,ZAGBALL,ZAGAME'S BALLARAT CLUB HOTEL,M,2018-07-03 00:00:00,876790,Invoice,90,AEYCC,AEYCC - G/F CREAM COOKING EX YIELD ANC 12 X 1LT,CTN,73.0000,1.0000,73.00,1.0000000,84
1127239,ZAGBO,ZAGAME'S BORONIA HOTEL,M,2018-07-02 00:00:00,876670,Invoice,90,BTBN,BTBN - NUGGET TEMPURA STEGGLES 1KG 6/CTN,BAG,10.2000,24.0000,244.80,1.0000000,15
1127128,ZAGBW,ZAGAME'S BERWICK SPRINGS HOTEL,M,2018-07-02 00:00:00,876469,Invoice,90,AEYCC,AEYCC - G/F CREAM COOKING EX YIELD ANC 12 X 1LT,CTN,73.0000,2.0000,146.00,1.0000000,84
1127224,ZAGCAUL,ZAGAME'S CAULFIELD HOTEL,M,2018-07-02 00:00:00,876537,Invoice,90,BG400,BG400 - BALSAMIC ITALIAN GLAZE KNORR 500G 6/CTN,BTL,10.8600,2.0000,21.72,1.0000000,6
1127213,ZAGRSV,ZAGAME'S RESERVOIR,M,2018-07-02 00:00:00,876546,Invoice,90,AEYCC,AEYCC - G/F CREAM COOKING EX YIELD ANC 12 X 1LT,CTN,73.0000,1.0000,73.00,1.0000000,84
1127933,ZANT,ZANTELLII PIZZA,ZN,2018-07-04 00:00:00,877168,Invoice,90,AVF12.5,AVF12.5 - FLOUR PERFECTION ALLIED 12.5KG,BAG,14.3500,4.0000,57.40,1.0000000,35
1168848,ZERO95DR,ZERO 95 DROMANA,,2018-11-28 00:00:00,910902,Invoice,90,MYC500,MYC500 - G/F YEAST INSTANT DRIED MAURIP 500GM 20/CTN,PKT,3.4200,3.0000,10.26,1.0000000,8
